Clamp_Hook_ID,Clamp_Hook_LATITUDE,Clamp_Hook_LONGITUDE
2360,-0.891786539,119.8353831
1965,-0.891612875,119.8349725
1964,-0.891687398,119.835
